sunrise,sunset,timestamp,__loaded_at
07:05:27 AM,06:10:09 PM,2020-01-01,2022-10-23 19:33:25.480523
07:05:47 AM,06:10:45 PM,2020-01-02,2022-10-23 19:33:25.480602
07:06:07 AM,06:11:21 PM,2020-01-03,2022-10-23 19:33:25.480671
07:06:25 AM,06:11:58 PM,2020-01-04,2022-10-23 19:33:25.480735
07:06:43 AM,06:12:35 PM,2020-01-05,2022-10-23 19:33:25.480798
07:06:59 AM,06:13:12 PM,2020-01-06,2022-10-23 19:33:25.480860
07:07:14 AM,06:13:50 PM,2020-01-07,2022-10-23 19:33:25.480925
07:07:28 AM,06:14:27 PM,2020-01-08,2022-10-23 19:33:25.480988
07:07:41 AM,06:15:05 PM,2020-01-09,2022-10-23 19:33:25.481049
07:07:53 AM,06:15:43 PM,2020-01-10,2022-10-23 19:33:25.481111
07:08:03 AM,06:16:21 PM,2020-01-11,2022-10-23 19:33:25.481173
07:08:13 AM,06:16:59 PM,2020-01-12,2022-10-23 19:33:25.481241
07:08:21 AM,06:17:37 PM,2020-01-13,2022-10-23 19:33:25.481304
07:08:28 AM,06:18:15 PM,2020-01-14,2022-10-23 19:33:25.481365
07:08:33 AM,06:18:53 PM,2020-01-15,2022-10-23 19:33:25.481427
07:08:38 AM,06:19:31 PM,2020-01-16,2022-10-23 19:33:25.481488
07:08:41 AM,06:20:09 PM,2020-01-17,2022-10-23 19:33:25.481550
07:08:43 AM,06:20:46 PM,2020-01-18,2022-10-23 19:33:25.481610
07:08:44 AM,06:21:24 PM,2020-01-19,2022-10-23 19:33:25.481672
07:08:43 AM,06:22:01 PM,2020-01-20,2022-10-23 19:33:25.481733
07:08:41 AM,06:22:38 PM,2020-01-21,2022-10-23 19:33:25.481794
07:08:38 AM,06:23:15 PM,2020-01-22,2022-10-23 19:33:25.481859
07:08:34 AM,06:23:52 PM,2020-01-23,2022-10-23 19:33:25.481922
07:08:28 AM,06:24:28 PM,2020-01-24,2022-10-23 19:33:25.481984
07:08:21 AM,06:25:04 PM,2020-01-25,2022-10-23 19:33:25.482045
07:08:13 AM,06:25:39 PM,2020-01-26,2022-10-23 19:33:25.482107
07:08:04 AM,06:26:15 PM,2020-01-27,2022-10-23 19:33:25.482168
07:07:53 AM,06:26:49 PM,2020-01-28,2022-10-23 19:33:25.482229
07:07:41 AM,06:27:24 PM,2020-01-29,2022-10-23 19:33:25.482290
07:07:28 AM,06:27:58 PM,2020-01-30,2022-10-23 19:33:25.482352
07:07:14 AM,06:28:32 PM,2020-01-31,2022-10-23 19:33:25.482413
07:06:59 AM,06:29:05 PM,2020-02-01,2022-10-23 19:33:25.482475
07:06:42 AM,06:29:38 PM,2020-02-02,2022-10-23 19:33:25.482535
07:06:24 AM,06:30:10 PM,2020-02-03,2022-10-23 19:33:25.482597
07:06:05 AM,06:30:42 PM,2020-02-04,2022-10-23 19:33:25.482661
07:05:45 AM,06:31:13 PM,2020-02-05,2022-10-23 19:33:25.482722
07:05:24 AM,06:31:44 PM,2020-02-06,2022-10-23 19:33:25.482783
07:05:02 AM,06:32:14 PM,2020-02-07,2022-10-23 19:33:25.482847
07:04:38 AM,06:32:44 PM,2020-02-08,2022-10-23 19:33:25.482910
07:04:14 AM,06:33:13 PM,2020-02-09,2022-10-23 19:33:25.482971
07:03:48 AM,06:33:42 PM,2020-02-10,2022-10-23 19:33:25.483033
07:03:22 AM,06:34:11 PM,2020-02-11,2022-10-23 19:33:25.483094
07:02:54 AM,06:34:38 PM,2020-02-12,2022-10-23 19:33:25.483156
07:02:25 AM,06:35:06 PM,2020-02-13,2022-10-23 19:33:25.483218
07:01:56 AM,06:35:33 PM,2020-02-14,2022-10-23 19:33:25.483280
07:01:25 AM,06:35:59 PM,2020-02-15,2022-10-23 19:33:25.483342
07:00:54 AM,06:36:25 PM,2020-02-16,2022-10-23 19:33:25.483406
07:00:21 AM,06:36:50 PM,2020-02-17,2022-10-23 19:33:25.483469
06:59:48 AM,06:37:15 PM,2020-02-18,2022-10-23 19:33:25.483530
06:59:13 AM,06:37:39 PM,2020-02-19,2022-10-23 19:33:25.483591
06:58:38 AM,06:38:03 PM,2020-02-20,2022-10-23 19:33:25.501402
06:58:02 AM,06:38:26 PM,2020-02-21,2022-10-23 19:33:25.501489
06:57:26 AM,06:38:49 PM,2020-02-22,2022-10-23 19:33:25.501559
06:56:48 AM,06:39:11 PM,2020-02-23,2022-10-23 19:33:25.501625
06:56:10 AM,06:39:33 PM,2020-02-24,2022-10-23 19:33:25.501689
06:55:31 AM,06:39:54 PM,2020-02-25,2022-10-23 19:33:25.501754
06:54:51 AM,06:40:15 PM,2020-02-26,2022-10-23 19:33:25.501818
06:54:10 AM,06:40:36 PM,2020-02-27,2022-10-23 19:33:25.501883
06:53:29 AM,06:40:56 PM,2020-02-28,2022-10-23 19:33:25.501947
06:52:47 AM,06:41:16 PM,2020-02-29,2022-10-23 19:33:25.502040
06:52:05 AM,06:41:35 PM,2020-03-01,2022-10-23 19:33:25.502105
06:51:22 AM,06:41:54 PM,2020-03-02,2022-10-23 19:33:25.502170
06:50:38 AM,06:42:12 PM,2020-03-03,2022-10-23 19:33:25.502240
06:49:54 AM,06:42:30 PM,2020-03-04,2022-10-23 19:33:25.502345
06:49:09 AM,06:42:48 PM,2020-03-05,2022-10-23 19:33:25.502443
06:48:24 AM,06:43:05 PM,2020-03-06,2022-10-23 19:33:25.502514
06:47:39 AM,06:43:22 PM,2020-03-07,2022-10-23 19:33:25.502582
06:46:53 AM,06:43:39 PM,2020-03-08,2022-10-23 19:33:25.502647
06:46:06 AM,06:43:55 PM,2020-03-09,2022-10-23 19:33:25.502714
06:45:19 AM,06:44:12 PM,2020-03-10,2022-10-23 19:33:25.502778
06:44:32 AM,06:44:27 PM,2020-03-11,2022-10-23 19:33:25.502846
06:43:44 AM,06:44:43 PM,2020-03-12,2022-10-23 19:33:25.502911
06:42:56 AM,06:44:58 PM,2020-03-13,2022-10-23 19:33:25.502979
06:42:08 AM,06:45:14 PM,2020-03-14,2022-10-23 19:33:25.503044
06:41:20 AM,06:45:28 PM,2020-03-15,2022-10-23 19:33:25.503108
06:40:31 AM,06:45:43 PM,2020-03-16,2022-10-23 19:33:25.503172
06:39:42 AM,06:45:58 PM,2020-03-17,2022-10-23 19:33:25.503238
06:38:53 AM,06:46:12 PM,2020-03-18,2022-10-23 19:33:25.503304
06:38:03 AM,06:46:26 PM,2020-03-19,2022-10-23 19:33:25.503375
06:37:14 AM,06:46:40 PM,2020-03-20,2022-10-23 19:33:25.503439
06:36:24 AM,06:46:54 PM,2020-03-21,2022-10-23 19:33:25.503503
06:35:35 AM,06:47:08 PM,2020-03-22,2022-10-23 19:33:25.503571
06:34:45 AM,06:47:22 PM,2020-03-23,2022-10-23 19:33:25.503635
06:33:55 AM,06:47:35 PM,2020-03-24,2022-10-23 19:33:25.503706
06:33:05 AM,06:47:49 PM,2020-03-25,2022-10-23 19:33:25.503772
06:32:15 AM,06:48:03 PM,2020-03-26,2022-10-23 19:33:25.503836
06:31:26 AM,06:48:16 PM,2020-03-27,2022-10-23 19:33:25.503899
06:30:36 AM,06:48:30 PM,2020-03-28,2022-10-23 19:33:25.503963
06:29:46 AM,06:48:43 PM,2020-03-29,2022-10-23 19:33:25.504026
06:28:57 AM,06:48:57 PM,2020-03-30,2022-10-23 19:33:25.504090
06:28:08 AM,06:49:10 PM,2020-03-31,2022-10-23 19:33:25.504159
06:27:18 AM,06:49:24 PM,2020-04-01,2022-10-23 19:33:25.504225
06:26:29 AM,06:49:37 PM,2020-04-02,2022-10-23 19:33:25.504288
06:25:41 AM,06:49:51 PM,2020-04-03,2022-10-23 19:33:25.504352
06:24:52 AM,06:50:05 PM,2020-04-04,2022-10-23 19:33:25.504415
06:24:04 AM,06:50:19 PM,2020-04-05,2022-10-23 19:33:25.504480
06:23:16 AM,06:50:33 PM,2020-04-06,2022-10-23 19:33:25.504544
06:22:28 AM,06:50:47 PM,2020-04-07,2022-10-23 19:33:25.504612
06:21:40 AM,06:51:01 PM,2020-04-08,2022-10-23 19:33:25.504675
06:20:53 AM,06:51:15 PM,2020-04-09,2022-10-23 19:33:25.504747
06:20:07 AM,06:51:30 PM,2020-04-10,2022-10-23 19:33:25.519284
06:19:20 AM,06:51:44 PM,2020-04-11,2022-10-23 19:33:25.519366
06:18:34 AM,06:51:59 PM,2020-04-12,2022-10-23 19:33:25.519435
06:17:49 AM,06:52:14 PM,2020-04-13,2022-10-23 19:33:25.519501
06:17:04 AM,06:52:30 PM,2020-04-14,2022-10-23 19:33:25.519565
06:16:20 AM,06:52:45 PM,2020-04-15,2022-10-23 19:33:25.519628
06:15:36 AM,06:53:01 PM,2020-04-16,2022-10-23 19:33:25.519692
06:14:52 AM,06:53:17 PM,2020-04-17,2022-10-23 19:33:25.519754
06:14:09 AM,06:53:33 PM,2020-04-18,2022-10-23 19:33:25.519817
06:13:27 AM,06:53:49 PM,2020-04-19,2022-10-23 19:33:25.519880
06:12:45 AM,06:54:06 PM,2020-04-20,2022-10-23 19:33:25.519942
06:12:04 AM,06:54:22 PM,2020-04-21,2022-10-23 19:33:25.520004
06:11:24 AM,06:54:39 PM,2020-04-22,2022-10-23 19:33:25.520066
06:10:44 AM,06:54:57 PM,2020-04-23,2022-10-23 19:33:25.520129
06:10:05 AM,06:55:14 PM,2020-04-24,2022-10-23 19:33:25.520191
06:09:26 AM,06:55:32 PM,2020-04-25,2022-10-23 19:33:25.520255
06:08:49 AM,06:55:50 PM,2020-04-26,2022-10-23 19:33:25.520318
06:08:12 AM,06:56:09 PM,2020-04-27,2022-10-23 19:33:25.520382
06:07:36 AM,06:56:27 PM,2020-04-28,2022-10-23 19:33:25.520445
06:07:00 AM,06:56:46 PM,2020-04-29,2022-10-23 19:33:25.520539
06:06:25 AM,06:57:05 PM,2020-04-30,2022-10-23 19:33:25.520603
06:05:52 AM,06:57:25 PM,2020-05-01,2022-10-23 19:33:25.520667
06:05:19 AM,06:57:44 PM,2020-05-02,2022-10-23 19:33:25.520731
06:04:46 AM,06:58:04 PM,2020-05-03,2022-10-23 19:33:25.520793
06:04:15 AM,06:58:24 PM,2020-05-04,2022-10-23 19:33:25.520855
06:03:44 AM,06:58:45 PM,2020-05-05,2022-10-23 19:33:25.520917
06:03:15 AM,06:59:05 PM,2020-05-06,2022-10-23 19:33:25.520979
06:02:46 AM,06:59:26 PM,2020-05-07,2022-10-23 19:33:25.521042
06:02:18 AM,06:59:47 PM,2020-05-08,2022-10-23 19:33:25.521104
06:01:52 AM,07:00:09 PM,2020-05-09,2022-10-23 19:33:25.521166
06:01:26 AM,07:00:30 PM,2020-05-10,2022-10-23 19:33:25.521228
06:01:01 AM,07:00:52 PM,2020-05-11,2022-10-23 19:33:25.521290
06:00:37 AM,07:01:14 PM,2020-05-12,2022-10-23 19:33:25.521352
06:00:14 AM,07:01:36 PM,2020-05-13,2022-10-23 19:33:25.521414
05:59:51 AM,07:01:58 PM,2020-05-14,2022-10-23 19:33:25.521476
05:59:30 AM,07:02:21 PM,2020-05-15,2022-10-23 19:33:25.521538
05:59:10 AM,07:02:43 PM,2020-05-16,2022-10-23 19:33:25.521599
05:58:51 AM,07:03:06 PM,2020-05-17,2022-10-23 19:33:25.521661
05:58:33 AM,07:03:29 PM,2020-05-18,2022-10-23 19:33:25.521723
05:58:16 AM,07:03:52 PM,2020-05-19,2022-10-23 19:33:25.521785
05:58:00 AM,07:04:15 PM,2020-05-20,2022-10-23 19:33:25.521846
05:57:45 AM,07:04:38 PM,2020-05-21,2022-10-23 19:33:25.521908
05:57:31 AM,07:05:01 PM,2020-05-22,2022-10-23 19:33:25.521973
05:57:18 AM,07:05:24 PM,2020-05-23,2022-10-23 19:33:25.522037
05:57:06 AM,07:05:47 PM,2020-05-24,2022-10-23 19:33:25.522098
05:56:55 AM,07:06:10 PM,2020-05-25,2022-10-23 19:33:25.522161
05:56:45 AM,07:06:33 PM,2020-05-26,2022-10-23 19:33:25.522223
05:56:36 AM,07:06:56 PM,2020-05-27,2022-10-23 19:33:25.522286
05:56:28 AM,07:07:19 PM,2020-05-28,2022-10-23 19:33:25.522348
05:56:21 AM,07:07:42 PM,2020-05-29,2022-10-23 19:33:25.522427
05:56:15 AM,07:08:04 PM,2020-05-30,2022-10-23 19:33:25.536558
05:56:10 AM,07:08:27 PM,2020-05-31,2022-10-23 19:33:25.536637
05:56:06 AM,07:08:49 PM,2020-06-01,2022-10-23 19:33:25.536703
05:56:03 AM,07:09:11 PM,2020-06-02,2022-10-23 19:33:25.536767
05:56:01 AM,07:09:33 PM,2020-06-03,2022-10-23 19:33:25.536829
05:56:00 AM,07:09:55 PM,2020-06-04,2022-10-23 19:33:25.536891
05:56:00 AM,07:10:16 PM,2020-06-05,2022-10-23 19:33:25.536952
05:56:01 AM,07:10:37 PM,2020-06-06,2022-10-23 19:33:25.537014
05:56:02 AM,07:10:57 PM,2020-06-07,2022-10-23 19:33:25.537075
05:56:05 AM,07:11:18 PM,2020-06-08,2022-10-23 19:33:25.537136
05:56:09 AM,07:11:38 PM,2020-06-09,2022-10-23 19:33:25.537197
05:56:13 AM,07:11:57 PM,2020-06-10,2022-10-23 19:33:25.537259
05:56:19 AM,07:12:16 PM,2020-06-11,2022-10-23 19:33:25.537320
05:56:25 AM,07:12:35 PM,2020-06-12,2022-10-23 19:33:25.537381
05:56:32 AM,07:12:53 PM,2020-06-13,2022-10-23 19:33:25.537441
05:56:40 AM,07:13:10 PM,2020-06-14,2022-10-23 19:33:25.537503
05:56:49 AM,07:13:27 PM,2020-06-15,2022-10-23 19:33:25.537564
05:56:58 AM,07:13:44 PM,2020-06-16,2022-10-23 19:33:25.537625
05:57:08 AM,07:13:59 PM,2020-06-17,2022-10-23 19:33:25.537685
05:57:19 AM,07:14:14 PM,2020-06-18,2022-10-23 19:33:25.537745
05:57:31 AM,07:14:29 PM,2020-06-19,2022-10-23 19:33:25.537806
05:57:43 AM,07:14:43 PM,2020-06-20,2022-10-23 19:33:25.537867
05:57:56 AM,07:14:56 PM,2020-06-21,2022-10-23 19:33:25.537928
05:58:10 AM,07:15:08 PM,2020-06-22,2022-10-23 19:33:25.537989
05:58:24 AM,07:15:20 PM,2020-06-23,2022-10-23 19:33:25.538049
05:58:39 AM,07:15:31 PM,2020-06-24,2022-10-23 19:33:25.538110
05:58:54 AM,07:15:41 PM,2020-06-25,2022-10-23 19:33:25.538171
05:59:10 AM,07:15:50 PM,2020-06-26,2022-10-23 19:33:25.538232
05:59:27 AM,07:15:59 PM,2020-06-27,2022-10-23 19:33:25.538293
05:59:44 AM,07:16:06 PM,2020-06-28,2022-10-23 19:33:25.538381
06:00:01 AM,07:16:13 PM,2020-06-29,2022-10-23 19:33:25.538443
06:00:19 AM,07:16:19 PM,2020-06-30,2022-10-23 19:33:25.538503
06:00:37 AM,07:16:24 PM,2020-07-01,2022-10-23 19:33:25.538563
06:00:56 AM,07:16:28 PM,2020-07-02,2022-10-23 19:33:25.538624
06:01:15 AM,07:16:31 PM,2020-07-03,2022-10-23 19:33:25.538684
06:01:34 AM,07:16:33 PM,2020-07-04,2022-10-23 19:33:25.538745
06:01:54 AM,07:16:34 PM,2020-07-05,2022-10-23 19:33:25.538805
06:02:14 AM,07:16:34 PM,2020-07-06,2022-10-23 19:33:25.538866
06:02:34 AM,07:16:33 PM,2020-07-07,2022-10-23 19:33:25.538927
06:02:54 AM,07:16:32 PM,2020-07-08,2022-10-23 19:33:25.538988
06:03:15 AM,07:16:29 PM,2020-07-09,2022-10-23 19:33:25.539049
06:03:36 AM,07:16:25 PM,2020-07-10,2022-10-23 19:33:25.539110
06:03:57 AM,07:16:20 PM,2020-07-11,2022-10-23 19:33:25.539170
06:04:18 AM,07:16:14 PM,2020-07-12,2022-10-23 19:33:25.539231
06:04:39 AM,07:16:07 PM,2020-07-13,2022-10-23 19:33:25.539292
06:05:00 AM,07:15:59 PM,2020-07-14,2022-10-23 19:33:25.539352
06:05:21 AM,07:15:50 PM,2020-07-15,2022-10-23 19:33:25.539413
06:05:43 AM,07:15:40 PM,2020-07-16,2022-10-23 19:33:25.539474
06:06:04 AM,07:15:29 PM,2020-07-17,2022-10-23 19:33:25.539534
06:06:25 AM,07:15:17 PM,2020-07-18,2022-10-23 19:33:25.539594
06:06:47 AM,07:15:03 PM,2020-07-19,2022-10-23 19:33:25.552434
06:07:08 AM,07:14:49 PM,2020-07-20,2022-10-23 19:33:25.552504
06:07:29 AM,07:14:34 PM,2020-07-21,2022-10-23 19:33:25.552564
06:07:50 AM,07:14:17 PM,2020-07-22,2022-10-23 19:33:25.552621
06:08:11 AM,07:14:00 PM,2020-07-23,2022-10-23 19:33:25.552676
06:08:32 AM,07:13:41 PM,2020-07-24,2022-10-23 19:33:25.552733
06:08:53 AM,07:13:21 PM,2020-07-25,2022-10-23 19:33:25.552790
06:09:13 AM,07:13:01 PM,2020-07-26,2022-10-23 19:33:25.552847
06:09:33 AM,07:12:39 PM,2020-07-27,2022-10-23 19:33:25.552904
06:09:54 AM,07:12:16 PM,2020-07-28,2022-10-23 19:33:25.552959
06:10:14 AM,07:11:53 PM,2020-07-29,2022-10-23 19:33:25.553015
06:10:33 AM,07:11:28 PM,2020-07-30,2022-10-23 19:33:25.553071
06:10:53 AM,07:11:02 PM,2020-07-31,2022-10-23 19:33:25.553127
06:11:12 AM,07:10:36 PM,2020-08-01,2022-10-23 19:33:25.553182
06:11:31 AM,07:10:08 PM,2020-08-02,2022-10-23 19:33:25.553237
06:11:50 AM,07:09:39 PM,2020-08-03,2022-10-23 19:33:25.553293
06:12:09 AM,07:09:10 PM,2020-08-04,2022-10-23 19:33:25.553349
06:12:27 AM,07:08:39 PM,2020-08-05,2022-10-23 19:33:25.553405
06:12:45 AM,07:08:08 PM,2020-08-06,2022-10-23 19:33:25.553460
06:13:03 AM,07:07:36 PM,2020-08-07,2022-10-23 19:33:25.553516
06:13:20 AM,07:07:02 PM,2020-08-08,2022-10-23 19:33:25.553571
06:13:37 AM,07:06:28 PM,2020-08-09,2022-10-23 19:33:25.553626
06:13:54 AM,07:05:53 PM,2020-08-10,2022-10-23 19:33:25.553683
06:14:11 AM,07:05:18 PM,2020-08-11,2022-10-23 19:33:25.553738
06:14:27 AM,07:04:41 PM,2020-08-12,2022-10-23 19:33:25.553793
06:14:43 AM,07:04:04 PM,2020-08-13,2022-10-23 19:33:25.553849
06:14:59 AM,07:03:25 PM,2020-08-14,2022-10-23 19:33:25.553904
06:15:14 AM,07:02:46 PM,2020-08-15,2022-10-23 19:33:25.553959
06:15:29 AM,07:02:07 PM,2020-08-16,2022-10-23 19:33:25.554014
06:15:44 AM,07:01:26 PM,2020-08-17,2022-10-23 19:33:25.554069
06:15:59 AM,07:00:45 PM,2020-08-18,2022-10-23 19:33:25.554125
06:16:13 AM,07:00:03 PM,2020-08-19,2022-10-23 19:33:25.554180
06:16:27 AM,06:59:20 PM,2020-08-20,2022-10-23 19:33:25.554236
06:16:40 AM,06:58:37 PM,2020-08-21,2022-10-23 19:33:25.554292
06:16:54 AM,06:57:53 PM,2020-08-22,2022-10-23 19:33:25.554347
06:17:07 AM,06:57:09 PM,2020-08-23,2022-10-23 19:33:25.554402
06:17:20 AM,06:56:24 PM,2020-08-24,2022-10-23 19:33:25.554458
06:17:32 AM,06:55:38 PM,2020-08-25,2022-10-23 19:33:25.554512
06:17:45 AM,06:54:52 PM,2020-08-26,2022-10-23 19:33:25.554568
06:17:57 AM,06:54:05 PM,2020-08-27,2022-10-23 19:33:25.554645
06:18:09 AM,06:53:18 PM,2020-08-28,2022-10-23 19:33:25.554701
06:18:20 AM,06:52:30 PM,2020-08-29,2022-10-23 19:33:25.554757
06:18:32 AM,06:51:42 PM,2020-08-30,2022-10-23 19:33:25.554812
06:18:43 AM,06:50:53 PM,2020-08-31,2022-10-23 19:33:25.554868
06:18:54 AM,06:50:04 PM,2020-09-01,2022-10-23 19:33:25.554924
06:19:05 AM,06:49:14 PM,2020-09-02,2022-10-23 19:33:25.554979
06:19:16 AM,06:48:24 PM,2020-09-03,2022-10-23 19:33:25.555035
06:19:26 AM,06:47:34 PM,2020-09-04,2022-10-23 19:33:25.555095
06:19:37 AM,06:46:44 PM,2020-09-05,2022-10-23 19:33:25.555155
06:19:47 AM,06:45:53 PM,2020-09-06,2022-10-23 19:33:25.555210
06:19:57 AM,06:45:02 PM,2020-09-07,2022-10-23 19:33:25.567503
06:20:07 AM,06:44:10 PM,2020-09-08,2022-10-23 19:33:25.567570
06:20:17 AM,06:43:19 PM,2020-09-09,2022-10-23 19:33:25.567630
06:20:27 AM,06:42:27 PM,2020-09-10,2022-10-23 19:33:25.567687
06:20:37 AM,06:41:35 PM,2020-09-11,2022-10-23 19:33:25.567744
06:20:47 AM,06:40:43 PM,2020-09-12,2022-10-23 19:33:25.567800
06:20:56 AM,06:39:50 PM,2020-09-13,2022-10-23 19:33:25.567856
06:21:06 AM,06:38:58 PM,2020-09-14,2022-10-23 19:33:25.567912
06:21:16 AM,06:38:05 PM,2020-09-15,2022-10-23 19:33:25.567967
06:21:25 AM,06:37:13 PM,2020-09-16,2022-10-23 19:33:25.568023
06:21:35 AM,06:36:20 PM,2020-09-17,2022-10-23 19:33:25.568078
06:21:45 AM,06:35:27 PM,2020-09-18,2022-10-23 19:33:25.568135
06:21:55 AM,06:34:35 PM,2020-09-19,2022-10-23 19:33:25.568190
06:22:05 AM,06:33:42 PM,2020-09-20,2022-10-23 19:33:25.568245
06:22:15 AM,06:32:50 PM,2020-09-21,2022-10-23 19:33:25.568300
06:22:25 AM,06:31:57 PM,2020-09-22,2022-10-23 19:33:25.568355
06:22:35 AM,06:31:05 PM,2020-09-23,2022-10-23 19:33:25.568409
06:22:45 AM,06:30:13 PM,2020-09-24,2022-10-23 19:33:25.568464
06:22:56 AM,06:29:21 PM,2020-09-25,2022-10-23 19:33:25.568519
06:23:07 AM,06:28:29 PM,2020-09-26,2022-10-23 19:33:25.568574
06:23:17 AM,06:27:37 PM,2020-09-27,2022-10-23 19:33:25.568628
06:23:28 AM,06:26:46 PM,2020-09-28,2022-10-23 19:33:25.568682
06:23:40 AM,06:25:55 PM,2020-09-29,2022-10-23 19:33:25.568738
06:23:51 AM,06:25:04 PM,2020-09-30,2022-10-23 19:33:25.568792
06:24:03 AM,06:24:13 PM,2020-10-01,2022-10-23 19:33:25.568846
06:24:15 AM,06:23:23 PM,2020-10-02,2022-10-23 19:33:25.568901
06:24:27 AM,06:22:33 PM,2020-10-03,2022-10-23 19:33:25.568955
06:24:40 AM,06:21:44 PM,2020-10-04,2022-10-23 19:33:25.569010
06:24:53 AM,06:20:55 PM,2020-10-05,2022-10-23 19:33:25.569064
06:25:06 AM,06:20:06 PM,2020-10-06,2022-10-23 19:33:25.569118
06:25:19 AM,06:19:18 PM,2020-10-07,2022-10-23 19:33:25.569171
06:25:33 AM,06:18:30 PM,2020-10-08,2022-10-23 19:33:25.569225
06:25:48 AM,06:17:43 PM,2020-10-09,2022-10-23 19:33:25.569279
06:26:02 AM,06:16:56 PM,2020-10-10,2022-10-23 19:33:25.569333
06:26:17 AM,06:16:10 PM,2020-10-11,2022-10-23 19:33:25.569386
06:26:33 AM,06:15:25 PM,2020-10-12,2022-10-23 19:33:25.569440
06:26:48 AM,06:14:40 PM,2020-10-13,2022-10-23 19:33:25.569494
06:27:05 AM,06:13:56 PM,2020-10-14,2022-10-23 19:33:25.569548
06:27:21 AM,06:13:12 PM,2020-10-15,2022-10-23 19:33:25.569602
06:27:39 AM,06:12:30 PM,2020-10-16,2022-10-23 19:33:25.569657
06:27:56 AM,06:11:47 PM,2020-10-17,2022-10-23 19:33:25.569711
06:28:14 AM,06:11:06 PM,2020-10-18,2022-10-23 19:33:25.569765
06:28:33 AM,06:10:25 PM,2020-10-19,2022-10-23 19:33:25.569819
06:28:52 AM,06:09:45 PM,2020-10-20,2022-10-23 19:33:25.569874
06:29:11 AM,06:09:06 PM,2020-10-21,2022-10-23 19:33:25.569928
06:29:31 AM,06:08:28 PM,2020-10-22,2022-10-23 19:33:25.569983
06:29:52 AM,06:07:51 PM,2020-10-23,2022-10-23 19:33:25.570037
06:30:13 AM,06:07:14 PM,2020-10-24,2022-10-23 19:33:25.570092
06:30:35 AM,06:06:39 PM,2020-10-25,2022-10-23 19:33:25.570163
06:30:57 AM,06:06:04 PM,2020-10-26,2022-10-23 19:33:25.570218
06:31:19 AM,06:05:30 PM,2020-10-27,2022-10-23 19:33:25.582657
06:31:43 AM,06:04:57 PM,2020-10-28,2022-10-23 19:33:25.582725
06:32:06 AM,06:04:26 PM,2020-10-29,2022-10-23 19:33:25.582785
06:32:31 AM,06:03:55 PM,2020-10-30,2022-10-23 19:33:25.582842
06:32:56 AM,06:03:25 PM,2020-10-31,2022-10-23 19:33:25.582898
06:33:21 AM,06:02:56 PM,2020-11-01,2022-10-23 19:33:25.582953
06:33:47 AM,06:02:29 PM,2020-11-02,2022-10-23 19:33:25.583009
06:34:13 AM,06:02:02 PM,2020-11-03,2022-10-23 19:33:25.583065
06:34:40 AM,06:01:36 PM,2020-11-04,2022-10-23 19:33:25.583119
06:35:08 AM,06:01:12 PM,2020-11-05,2022-10-23 19:33:25.583174
06:35:36 AM,06:00:49 PM,2020-11-06,2022-10-23 19:33:25.583228
06:36:05 AM,06:00:27 PM,2020-11-07,2022-10-23 19:33:25.583284
06:36:34 AM,06:00:06 PM,2020-11-08,2022-10-23 19:33:25.583338
06:37:03 AM,05:59:46 PM,2020-11-09,2022-10-23 19:33:25.583393
06:37:33 AM,05:59:27 PM,2020-11-10,2022-10-23 19:33:25.583448
06:38:04 AM,05:59:10 PM,2020-11-11,2022-10-23 19:33:25.583502
06:38:35 AM,05:58:54 PM,2020-11-12,2022-10-23 19:33:25.583557
06:39:07 AM,05:58:39 PM,2020-11-13,2022-10-23 19:33:25.583612
06:39:39 AM,05:58:25 PM,2020-11-14,2022-10-23 19:33:25.583667
06:40:11 AM,05:58:13 PM,2020-11-15,2022-10-23 19:33:25.583721
06:40:44 AM,05:58:02 PM,2020-11-16,2022-10-23 19:33:25.583776
06:41:17 AM,05:57:52 PM,2020-11-17,2022-10-23 19:33:25.583837
06:41:51 AM,05:57:43 PM,2020-11-18,2022-10-23 19:33:25.583905
06:42:25 AM,05:57:36 PM,2020-11-19,2022-10-23 19:33:25.583988
06:42:59 AM,05:57:30 PM,2020-11-20,2022-10-23 19:33:25.584076
06:43:34 AM,05:57:25 PM,2020-11-21,2022-10-23 19:33:25.584135
06:44:09 AM,05:57:22 PM,2020-11-22,2022-10-23 19:33:25.584191
06:44:44 AM,05:57:20 PM,2020-11-23,2022-10-23 19:33:25.584246
06:45:20 AM,05:57:19 PM,2020-11-24,2022-10-23 19:33:25.584301
06:45:56 AM,05:57:19 PM,2020-11-25,2022-10-23 19:33:25.584355
06:46:32 AM,05:57:21 PM,2020-11-26,2022-10-23 19:33:25.584410
06:47:08 AM,05:57:24 PM,2020-11-27,2022-10-23 19:33:25.584465
06:47:44 AM,05:57:28 PM,2020-11-28,2022-10-23 19:33:25.584519
06:48:21 AM,05:57:34 PM,2020-11-29,2022-10-23 19:33:25.584573
06:48:57 AM,05:57:41 PM,2020-11-30,2022-10-23 19:33:25.584627
06:49:34 AM,05:57:49 PM,2020-12-01,2022-10-23 19:33:25.584682
06:50:10 AM,05:57:58 PM,2020-12-02,2022-10-23 19:33:25.584737
06:50:47 AM,05:58:09 PM,2020-12-03,2022-10-23 19:33:25.584792
06:51:23 AM,05:58:21 PM,2020-12-04,2022-10-23 19:33:25.584846
06:52:00 AM,05:58:34 PM,2020-12-05,2022-10-23 19:33:25.584902
06:52:36 AM,05:58:48 PM,2020-12-06,2022-10-23 19:33:25.584958
06:53:12 AM,05:59:03 PM,2020-12-07,2022-10-23 19:33:25.585013
06:53:48 AM,05:59:20 PM,2020-12-08,2022-10-23 19:33:25.585068
06:54:24 AM,05:59:38 PM,2020-12-09,2022-10-23 19:33:25.585123
06:55:00 AM,05:59:56 PM,2020-12-10,2022-10-23 19:33:25.585178
06:55:35 AM,06:00:16 PM,2020-12-11,2022-10-23 19:33:25.585232
06:56:10 AM,06:00:37 PM,2020-12-12,2022-10-23 19:33:25.585287
06:56:44 AM,06:00:59 PM,2020-12-13,2022-10-23 19:33:25.585341
06:57:18 AM,06:01:22 PM,2020-12-14,2022-10-23 19:33:25.585394
06:57:52 AM,06:01:46 PM,2020-12-15,2022-10-23 19:33:25.585449
06:58:25 AM,06:02:11 PM,2020-12-16,2022-10-23 19:33:25.598650
06:58:58 AM,06:02:37 PM,2020-12-17,2022-10-23 19:33:25.598768
06:59:30 AM,06:03:04 PM,2020-12-18,2022-10-23 19:33:25.598872
07:00:02 AM,06:03:32 PM,2020-12-19,2022-10-23 19:33:25.598977
07:00:32 AM,06:04:00 PM,2020-12-20,2022-10-23 19:33:25.599083
07:01:03 AM,06:04:30 PM,2020-12-21,2022-10-23 19:33:25.599189
07:01:32 AM,06:05:00 PM,2020-12-22,2022-10-23 19:33:25.599293
07:02:01 AM,06:05:31 PM,2020-12-23,2022-10-23 19:33:25.599404
07:02:29 AM,06:06:02 PM,2020-12-24,2022-10-23 19:33:25.599535
07:02:56 AM,06:06:34 PM,2020-12-25,2022-10-23 19:33:25.599640
07:03:23 AM,06:07:07 PM,2020-12-26,2022-10-23 19:33:25.599743
07:03:48 AM,06:07:41 PM,2020-12-27,2022-10-23 19:33:25.599848
07:04:13 AM,06:08:15 PM,2020-12-28,2022-10-23 19:33:25.599953
07:04:37 AM,06:08:49 PM,2020-12-29,2022-10-23 19:33:25.600058
07:05:00 AM,06:09:24 PM,2020-12-30,2022-10-23 19:33:25.600163
07:05:21 AM,06:10:00 PM,2020-12-31,2022-10-23 19:33:25.600264
07:05:42 AM,06:10:36 PM,2021-01-01,2022-10-23 19:33:25.600369
07:06:02 AM,06:11:12 PM,2021-01-02,2022-10-23 19:33:25.600474
07:06:21 AM,06:11:49 PM,2021-01-03,2022-10-23 19:33:25.600581
07:06:38 AM,06:12:26 PM,2021-01-04,2022-10-23 19:33:25.600650
07:06:55 AM,06:13:03 PM,2021-01-05,2022-10-23 19:33:25.600707
07:07:10 AM,06:13:40 PM,2021-01-06,2022-10-23 19:33:25.600763
07:07:25 AM,06:14:18 PM,2021-01-07,2022-10-23 19:33:25.600820
07:07:38 AM,06:14:56 PM,2021-01-08,2022-10-23 19:33:25.600874
07:07:50 AM,06:15:34 PM,2021-01-09,2022-10-23 19:33:25.600989
07:08:01 AM,06:16:12 PM,2021-01-10,2022-10-23 19:33:25.601114
07:08:10 AM,06:16:50 PM,2021-01-11,2022-10-23 19:33:25.601237
07:08:19 AM,06:17:28 PM,2021-01-12,2022-10-23 19:33:25.601312
07:08:26 AM,06:18:06 PM,2021-01-13,2022-10-23 19:33:25.601370
07:08:32 AM,06:18:44 PM,2021-01-14,2022-10-23 19:33:25.601428
07:08:37 AM,06:19:22 PM,2021-01-15,2022-10-23 19:33:25.601484
07:08:40 AM,06:20:00 PM,2021-01-16,2022-10-23 19:33:25.601539
07:08:42 AM,06:20:37 PM,2021-01-17,2022-10-23 19:33:25.601595
07:08:43 AM,06:21:15 PM,2021-01-18,2022-10-23 19:33:25.601649
07:08:43 AM,06:21:52 PM,2021-01-19,2022-10-23 19:33:25.601704
07:08:42 AM,06:22:29 PM,2021-01-20,2022-10-23 19:33:25.601759
07:08:39 AM,06:23:06 PM,2021-01-21,2022-10-23 19:33:25.601813
07:08:35 AM,06:23:43 PM,2021-01-22,2022-10-23 19:33:25.601868
07:08:29 AM,06:24:19 PM,2021-01-23,2022-10-23 19:33:25.601923
07:08:23 AM,06:24:55 PM,2021-01-24,2022-10-23 19:33:25.601978
07:08:15 AM,06:25:31 PM,2021-01-25,2022-10-23 19:33:25.602034
07:08:06 AM,06:26:06 PM,2021-01-26,2022-10-23 19:33:25.602089
07:07:56 AM,06:26:41 PM,2021-01-27,2022-10-23 19:33:25.602144
07:07:44 AM,06:27:15 PM,2021-01-28,2022-10-23 19:33:25.602201
07:07:32 AM,06:27:50 PM,2021-01-29,2022-10-23 19:33:25.602256
07:07:18 AM,06:28:23 PM,2021-01-30,2022-10-23 19:33:25.602311
07:07:03 AM,06:28:57 PM,2021-01-31,2022-10-23 19:33:25.602365
07:06:46 AM,06:29:30 PM,2021-02-01,2022-10-23 19:33:25.602420
07:06:29 AM,06:30:02 PM,2021-02-02,2022-10-23 19:33:25.602474
07:06:10 AM,06:30:34 PM,2021-02-03,2022-10-23 19:33:25.602528
07:05:50 AM,06:31:05 PM,2021-02-04,2022-10-23 19:33:25.614404
07:05:29 AM,06:31:36 PM,2021-02-05,2022-10-23 19:33:25.614474
07:05:07 AM,06:32:07 PM,2021-02-06,2022-10-23 19:33:25.614533
07:04:44 AM,06:32:37 PM,2021-02-07,2022-10-23 19:33:25.614591
07:04:20 AM,06:33:06 PM,2021-02-08,2022-10-23 19:33:25.614646
07:03:55 AM,06:33:35 PM,2021-02-09,2022-10-23 19:33:25.614702
07:03:28 AM,06:34:04 PM,2021-02-10,2022-10-23 19:33:25.614758
07:03:01 AM,06:34:32 PM,2021-02-11,2022-10-23 19:33:25.614813
07:02:32 AM,06:34:59 PM,2021-02-12,2022-10-23 19:33:25.614868
07:02:03 AM,06:35:26 PM,2021-02-13,2022-10-23 19:33:25.614923
07:01:33 AM,06:35:52 PM,2021-02-14,2022-10-23 19:33:25.614979
07:01:01 AM,06:36:18 PM,2021-02-15,2022-10-23 19:33:25.615035
07:00:29 AM,06:36:44 PM,2021-02-16,2022-10-23 19:33:25.615090
06:59:56 AM,06:37:09 PM,2021-02-17,2022-10-23 19:33:25.615145
06:59:22 AM,06:37:33 PM,2021-02-18,2022-10-23 19:33:25.615200
06:58:47 AM,06:37:57 PM,2021-02-19,2022-10-23 19:33:25.615255
06:58:11 AM,06:38:20 PM,2021-02-20,2022-10-23 19:33:25.615310
06:57:35 AM,06:38:43 PM,2021-02-21,2022-10-23 19:33:25.615365
06:56:57 AM,06:39:06 PM,2021-02-22,2022-10-23 19:33:25.615438
06:56:19 AM,06:39:28 PM,2021-02-23,2022-10-23 19:33:25.615494
06:55:40 AM,06:39:49 PM,2021-02-24,2022-10-23 19:33:25.615549
06:55:00 AM,06:40:10 PM,2021-02-25,2022-10-23 19:33:25.615603
06:54:20 AM,06:40:31 PM,2021-02-26,2022-10-23 19:33:25.615659
06:53:39 AM,06:40:51 PM,2021-02-27,2022-10-23 19:33:25.615715
06:52:57 AM,06:41:11 PM,2021-02-28,2022-10-23 19:33:25.615769
06:52:15 AM,06:41:30 PM,2021-03-01,2022-10-23 19:33:25.615824
06:51:32 AM,06:41:49 PM,2021-03-02,2022-10-23 19:33:25.615878
06:50:49 AM,06:42:08 PM,2021-03-03,2022-10-23 19:33:25.615933
06:50:05 AM,06:42:26 PM,2021-03-04,2022-10-23 19:33:25.615988
06:49:20 AM,06:42:44 PM,2021-03-05,2022-10-23 19:33:25.616043
06:48:35 AM,06:43:01 PM,2021-03-06,2022-10-23 19:33:25.616097
06:47:50 AM,06:43:18 PM,2021-03-07,2022-10-23 19:33:25.616152
06:47:04 AM,06:43:35 PM,2021-03-08,2022-10-23 19:33:25.616207
06:46:17 AM,06:43:51 PM,2021-03-09,2022-10-23 19:33:25.616262
06:45:30 AM,06:44:08 PM,2021-03-10,2022-10-23 19:33:25.616316
06:44:43 AM,06:44:24 PM,2021-03-11,2022-10-23 19:33:25.616370
06:43:56 AM,06:44:39 PM,2021-03-12,2022-10-23 19:33:25.616424
06:43:08 AM,06:44:55 PM,2021-03-13,2022-10-23 19:33:25.616478
06:42:20 AM,06:45:10 PM,2021-03-14,2022-10-23 19:33:25.616533
06:41:31 AM,06:45:25 PM,2021-03-15,2022-10-23 19:33:25.616587
06:40:43 AM,06:45:40 PM,2021-03-16,2022-10-23 19:33:25.616642
06:39:54 AM,06:45:54 PM,2021-03-17,2022-10-23 19:33:25.616696
06:39:05 AM,06:46:09 PM,2021-03-18,2022-10-23 19:33:25.616751
06:38:15 AM,06:46:23 PM,2021-03-19,2022-10-23 19:33:25.616806
06:37:26 AM,06:46:37 PM,2021-03-20,2022-10-23 19:33:25.616861
06:36:36 AM,06:46:51 PM,2021-03-21,2022-10-23 19:33:25.616915
06:35:47 AM,06:47:05 PM,2021-03-22,2022-10-23 19:33:25.616970
06:34:57 AM,06:47:18 PM,2021-03-23,2022-10-23 19:33:25.617024
06:34:07 AM,06:47:32 PM,2021-03-24,2022-10-23 19:33:25.617078
06:33:17 AM,06:47:46 PM,2021-03-25,2022-10-23 19:33:25.617132
06:32:28 AM,06:47:59 PM,2021-03-26,2022-10-23 19:33:25.628617
06:31:38 AM,06:48:13 PM,2021-03-27,2022-10-23 19:33:25.628684
06:30:48 AM,06:48:26 PM,2021-03-28,2022-10-23 19:33:25.628741
06:29:58 AM,06:48:40 PM,2021-03-29,2022-10-23 19:33:25.628797
06:29:09 AM,06:48:53 PM,2021-03-30,2022-10-23 19:33:25.628852
06:28:19 AM,06:49:07 PM,2021-03-31,2022-10-23 19:33:25.628906
06:27:30 AM,06:49:20 PM,2021-04-01,2022-10-23 19:33:25.628961
06:26:41 AM,06:49:34 PM,2021-04-02,2022-10-23 19:33:25.629016
06:25:52 AM,06:49:48 PM,2021-04-03,2022-10-23 19:33:25.629070
06:25:04 AM,06:50:01 PM,2021-04-04,2022-10-23 19:33:25.629124
06:24:15 AM,06:50:15 PM,2021-04-05,2022-10-23 19:33:25.629178
06:23:27 AM,06:50:29 PM,2021-04-06,2022-10-23 19:33:25.629232
06:22:39 AM,06:50:43 PM,2021-04-07,2022-10-23 19:33:25.629286
06:21:52 AM,06:50:57 PM,2021-04-08,2022-10-23 19:33:25.629345
06:21:05 AM,06:51:12 PM,2021-04-09,2022-10-23 19:33:25.629399
06:20:18 AM,06:51:26 PM,2021-04-10,2022-10-23 19:33:25.629453
06:19:32 AM,06:51:41 PM,2021-04-11,2022-10-23 19:33:25.629506
06:18:46 AM,06:51:56 PM,2021-04-12,2022-10-23 19:33:25.629559
06:18:00 AM,06:52:11 PM,2021-04-13,2022-10-23 19:33:25.629613
06:17:15 AM,06:52:26 PM,2021-04-14,2022-10-23 19:33:25.629666
06:16:30 AM,06:52:41 PM,2021-04-15,2022-10-23 19:33:25.629720
06:15:46 AM,06:52:57 PM,2021-04-16,2022-10-23 19:33:25.629773
06:15:03 AM,06:53:13 PM,2021-04-17,2022-10-23 19:33:25.629828
06:14:20 AM,06:53:29 PM,2021-04-18,2022-10-23 19:33:25.629884
06:13:37 AM,06:53:45 PM,2021-04-19,2022-10-23 19:33:25.629937
06:12:55 AM,06:54:02 PM,2021-04-20,2022-10-23 19:33:25.629991
06:12:14 AM,06:54:18 PM,2021-04-21,2022-10-23 19:33:25.630044
06:11:34 AM,06:54:35 PM,2021-04-22,2022-10-23 19:33:25.630097
06:10:54 AM,06:54:53 PM,2021-04-23,2022-10-23 19:33:25.630167
06:10:14 AM,06:55:10 PM,2021-04-24,2022-10-23 19:33:25.630222
06:09:36 AM,06:55:28 PM,2021-04-25,2022-10-23 19:33:25.630276
06:08:58 AM,06:55:46 PM,2021-04-26,2022-10-23 19:33:25.630329
06:08:21 AM,06:56:04 PM,2021-04-27,2022-10-23 19:33:25.630383
06:07:44 AM,06:56:23 PM,2021-04-28,2022-10-23 19:33:25.630437
06:07:09 AM,06:56:42 PM,2021-04-29,2022-10-23 19:33:25.630491
06:06:34 AM,06:57:01 PM,2021-04-30,2022-10-23 19:33:25.630544
06:06:00 AM,06:57:20 PM,2021-05-01,2022-10-23 19:33:25.630598
06:05:26 AM,06:57:40 PM,2021-05-02,2022-10-23 19:33:25.630651
06:04:54 AM,06:57:59 PM,2021-05-03,2022-10-23 19:33:25.630704
06:04:23 AM,06:58:20 PM,2021-05-04,2022-10-23 19:33:25.630758
06:03:52 AM,06:58:40 PM,2021-05-05,2022-10-23 19:33:25.630811
06:03:22 AM,06:59:01 PM,2021-05-06,2022-10-23 19:33:25.630864
06:02:53 AM,06:59:21 PM,2021-05-07,2022-10-23 19:33:25.630917
06:02:25 AM,06:59:42 PM,2021-05-08,2022-10-23 19:33:25.630970
06:01:58 AM,07:00:04 PM,2021-05-09,2022-10-23 19:33:25.631023
06:01:32 AM,07:00:25 PM,2021-05-10,2022-10-23 19:33:25.631076
06:01:07 AM,07:00:47 PM,2021-05-11,2022-10-23 19:33:25.631129
06:00:42 AM,07:01:09 PM,2021-05-12,2022-10-23 19:33:25.631182
06:00:19 AM,07:01:31 PM,2021-05-13,2022-10-23 19:33:25.631235
05:59:57 AM,07:01:53 PM,2021-05-14,2022-10-23 19:33:25.631288
05:59:35 AM,07:02:16 PM,2021-05-15,2022-10-23 19:33:25.643564
05:59:15 AM,07:02:38 PM,2021-05-16,2022-10-23 19:33:25.643632
05:58:56 AM,07:03:01 PM,2021-05-17,2022-10-23 19:33:25.643692
05:58:37 AM,07:03:24 PM,2021-05-18,2022-10-23 19:33:25.643749
05:58:20 AM,07:03:46 PM,2021-05-19,2022-10-23 19:33:25.643805
05:58:04 AM,07:04:09 PM,2021-05-20,2022-10-23 19:33:25.643860
05:57:48 AM,07:04:32 PM,2021-05-21,2022-10-23 19:33:25.643916
05:57:34 AM,07:04:55 PM,2021-05-22,2022-10-23 19:33:25.643971
05:57:21 AM,07:05:19 PM,2021-05-23,2022-10-23 19:33:25.644026
05:57:08 AM,07:05:42 PM,2021-05-24,2022-10-23 19:33:25.644081
05:56:57 AM,07:06:05 PM,2021-05-25,2022-10-23 19:33:25.644135
05:56:47 AM,07:06:28 PM,2021-05-26,2022-10-23 19:33:25.644191
05:56:38 AM,07:06:51 PM,2021-05-27,2022-10-23 19:33:25.644246
05:56:30 AM,07:07:14 PM,2021-05-28,2022-10-23 19:33:25.644301
05:56:22 AM,07:07:36 PM,2021-05-29,2022-10-23 19:33:25.644356
05:56:16 AM,07:07:59 PM,2021-05-30,2022-10-23 19:33:25.644411
05:56:11 AM,07:08:22 PM,2021-05-31,2022-10-23 19:33:25.644465
05:56:07 AM,07:08:44 PM,2021-06-01,2022-10-23 19:33:25.644520
05:56:04 AM,07:09:06 PM,2021-06-02,2022-10-23 19:33:25.644575
05:56:01 AM,07:09:28 PM,2021-06-03,2022-10-23 19:33:25.644629
05:56:00 AM,07:09:49 PM,2021-06-04,2022-10-23 19:33:25.644684
05:56:00 AM,07:10:11 PM,2021-06-05,2022-10-23 19:33:25.644738
05:56:00 AM,07:10:32 PM,2021-06-06,2022-10-23 19:33:25.644794
05:56:02 AM,07:10:53 PM,2021-06-07,2022-10-23 19:33:25.644849
05:56:05 AM,07:11:13 PM,2021-06-08,2022-10-23 19:33:25.644904
05:56:08 AM,07:11:33 PM,2021-06-09,2022-10-23 19:33:25.644958
05:56:12 AM,07:11:52 PM,2021-06-10,2022-10-23 19:33:25.645013
05:56:17 AM,07:12:12 PM,2021-06-11,2022-10-23 19:33:25.645067
05:56:23 AM,07:12:30 PM,2021-06-12,2022-10-23 19:33:25.645121
05:56:30 AM,07:12:48 PM,2021-06-13,2022-10-23 19:33:25.645175
05:56:38 AM,07:13:06 PM,2021-06-14,2022-10-23 19:33:25.645229
05:56:46 AM,07:13:23 PM,2021-06-15,2022-10-23 19:33:25.645283
05:56:56 AM,07:13:40 PM,2021-06-16,2022-10-23 19:33:25.645337
05:57:06 AM,07:13:56 PM,2021-06-17,2022-10-23 19:33:25.645392
05:57:17 AM,07:14:11 PM,2021-06-18,2022-10-23 19:33:25.645446
05:57:28 AM,07:14:26 PM,2021-06-19,2022-10-23 19:33:25.645501
05:57:40 AM,07:14:40 PM,2021-06-20,2022-10-23 19:33:25.645554
05:57:53 AM,07:14:53 PM,2021-06-21,2022-10-23 19:33:25.645608
05:58:07 AM,07:15:06 PM,2021-06-22,2022-10-23 19:33:25.645680
05:58:21 AM,07:15:17 PM,2021-06-23,2022-10-23 19:33:25.645736
05:58:35 AM,07:15:28 PM,2021-06-24,2022-10-23 19:33:25.645790
05:58:51 AM,07:15:39 PM,2021-06-25,2022-10-23 19:33:25.645845
05:59:06 AM,07:15:48 PM,2021-06-26,2022-10-23 19:33:25.645899
05:59:23 AM,07:15:57 PM,2021-06-27,2022-10-23 19:33:25.645955
05:59:40 AM,07:16:05 PM,2021-06-28,2022-10-23 19:33:25.646009
05:59:57 AM,07:16:12 PM,2021-06-29,2022-10-23 19:33:25.646063
06:00:15 AM,07:16:18 PM,2021-06-30,2022-10-23 19:33:25.646117
06:00:33 AM,07:16:23 PM,2021-07-01,2022-10-23 19:33:25.646172
06:00:51 AM,07:16:27 PM,2021-07-02,2022-10-23 19:33:25.646227
06:01:10 AM,07:16:30 PM,2021-07-03,2022-10-23 19:33:25.646281
06:01:30 AM,07:16:33 PM,2021-07-04,2022-10-23 19:33:25.658830
06:01:49 AM,07:16:34 PM,2021-07-05,2022-10-23 19:33:25.658908
06:02:09 AM,07:16:34 PM,2021-07-06,2022-10-23 19:33:25.658972
06:02:29 AM,07:16:34 PM,2021-07-07,2022-10-23 19:33:25.659033
06:02:50 AM,07:16:32 PM,2021-07-08,2022-10-23 19:33:25.659094
06:03:10 AM,07:16:30 PM,2021-07-09,2022-10-23 19:33:25.659154
06:03:31 AM,07:16:26 PM,2021-07-10,2022-10-23 19:33:25.659214
06:03:52 AM,07:16:21 PM,2021-07-11,2022-10-23 19:33:25.659273
06:04:13 AM,07:16:16 PM,2021-07-12,2022-10-23 19:33:25.659332
06:04:34 AM,07:16:09 PM,2021-07-13,2022-10-23 19:33:25.659390
06:04:55 AM,07:16:01 PM,2021-07-14,2022-10-23 19:33:25.659449
06:05:16 AM,07:15:52 PM,2021-07-15,2022-10-23 19:33:25.659523
06:05:38 AM,07:15:43 PM,2021-07-16,2022-10-23 19:33:25.659583
06:05:59 AM,07:15:32 PM,2021-07-17,2022-10-23 19:33:25.659643
06:06:20 AM,07:15:20 PM,2021-07-18,2022-10-23 19:33:25.659703
06:06:42 AM,07:15:07 PM,2021-07-19,2022-10-23 19:33:25.659765
06:07:03 AM,07:14:53 PM,2021-07-20,2022-10-23 19:33:25.659825
06:07:24 AM,07:14:37 PM,2021-07-21,2022-10-23 19:33:25.659885
06:07:45 AM,07:14:21 PM,2021-07-22,2022-10-23 19:33:25.659945
06:08:06 AM,07:14:04 PM,2021-07-23,2022-10-23 19:33:25.660005
06:08:27 AM,07:13:46 PM,2021-07-24,2022-10-23 19:33:25.660066
06:08:48 AM,07:13:26 PM,2021-07-25,2022-10-23 19:33:25.660126
06:09:08 AM,07:13:06 PM,2021-07-26,2022-10-23 19:33:25.660187
06:09:29 AM,07:12:45 PM,2021-07-27,2022-10-23 19:33:25.660247
06:09:49 AM,07:12:22 PM,2021-07-28,2022-10-23 19:33:25.660308
06:10:09 AM,07:11:59 PM,2021-07-29,2022-10-23 19:33:25.660368
06:10:29 AM,07:11:34 PM,2021-07-30,2022-10-23 19:33:25.660428
06:10:48 AM,07:11:09 PM,2021-07-31,2022-10-23 19:33:25.660502
06:11:08 AM,07:10:42 PM,2021-08-01,2022-10-23 19:33:25.660564
06:11:27 AM,07:10:15 PM,2021-08-02,2022-10-23 19:33:25.660625
06:11:46 AM,07:09:47 PM,2021-08-03,2022-10-23 19:33:25.660687
06:12:04 AM,07:09:17 PM,2021-08-04,2022-10-23 19:33:25.660748
06:12:23 AM,07:08:47 PM,2021-08-05,2022-10-23 19:33:25.660811
06:12:41 AM,07:08:16 PM,2021-08-06,2022-10-23 19:33:25.660873
06:12:59 AM,07:07:44 PM,2021-08-07,2022-10-23 19:33:25.660935
06:13:16 AM,07:07:11 PM,2021-08-08,2022-10-23 19:33:25.660998
06:13:33 AM,07:06:37 PM,2021-08-09,2022-10-23 19:33:25.661059
06:13:50 AM,07:06:02 PM,2021-08-10,2022-10-23 19:33:25.661122
06:14:07 AM,07:05:26 PM,2021-08-11,2022-10-23 19:33:25.661183
06:14:23 AM,07:04:50 PM,2021-08-12,2022-10-23 19:33:25.661244
06:14:39 AM,07:04:13 PM,2021-08-13,2022-10-23 19:33:25.661306
06:14:55 AM,07:03:35 PM,2021-08-14,2022-10-23 19:33:25.661368
06:15:11 AM,07:02:56 PM,2021-08-15,2022-10-23 19:33:25.661430
06:15:26 AM,07:02:16 PM,2021-08-16,2022-10-23 19:33:25.661493
06:15:41 AM,07:01:36 PM,2021-08-17,2022-10-23 19:33:25.661555
06:15:55 AM,07:00:55 PM,2021-08-18,2022-10-23 19:33:25.661617
06:16:10 AM,07:00:13 PM,2021-08-19,2022-10-23 19:33:25.661679
06:16:24 AM,06:59:31 PM,2021-08-20,2022-10-23 19:33:25.661762
06:16:37 AM,06:58:48 PM,2021-08-21,2022-10-23 19:33:25.661825
06:16:51 AM,06:58:04 PM,2021-08-22,2022-10-23 19:33:25.661887
06:17:04 AM,06:57:20 PM,2021-08-23,2022-10-23 19:33:25.675418
06:17:17 AM,06:56:35 PM,2021-08-24,2022-10-23 19:33:25.675499
06:17:29 AM,06:55:49 PM,2021-08-25,2022-10-23 19:33:25.675568
06:17:42 AM,06:55:03 PM,2021-08-26,2022-10-23 19:33:25.675633
06:17:54 AM,06:54:16 PM,2021-08-27,2022-10-23 19:33:25.675698
06:18:06 AM,06:53:29 PM,2021-08-28,2022-10-23 19:33:25.675763
06:18:18 AM,06:52:42 PM,2021-08-29,2022-10-23 19:33:25.675828
06:18:29 AM,06:51:53 PM,2021-08-30,2022-10-23 19:33:25.675893
06:18:40 AM,06:51:05 PM,2021-08-31,2022-10-23 19:33:25.675958
06:18:52 AM,06:50:16 PM,2021-09-01,2022-10-23 19:33:25.676022
06:19:03 AM,06:49:26 PM,2021-09-02,2022-10-23 19:33:25.676088
06:19:13 AM,06:48:37 PM,2021-09-03,2022-10-23 19:33:25.676154
06:19:24 AM,06:47:47 PM,2021-09-04,2022-10-23 19:33:25.676217
06:19:34 AM,06:46:56 PM,2021-09-05,2022-10-23 19:33:25.676281
06:19:45 AM,06:46:05 PM,2021-09-06,2022-10-23 19:33:25.676344
06:19:55 AM,06:45:14 PM,2021-09-07,2022-10-23 19:33:25.676407
06:20:05 AM,06:44:23 PM,2021-09-08,2022-10-23 19:33:25.676471
06:20:15 AM,06:43:31 PM,2021-09-09,2022-10-23 19:33:25.676534
06:20:25 AM,06:42:39 PM,2021-09-10,2022-10-23 19:33:25.676598
06:20:35 AM,06:41:47 PM,2021-09-11,2022-10-23 19:33:25.676661
06:20:44 AM,06:40:55 PM,2021-09-12,2022-10-23 19:33:25.676724
06:20:54 AM,06:40:03 PM,2021-09-13,2022-10-23 19:33:25.676788
06:21:04 AM,06:39:11 PM,2021-09-14,2022-10-23 19:33:25.676853
06:21:13 AM,06:38:18 PM,2021-09-15,2022-10-23 19:33:25.676916
06:21:23 AM,06:37:26 PM,2021-09-16,2022-10-23 19:33:25.676980
06:21:33 AM,06:36:33 PM,2021-09-17,2022-10-23 19:33:25.677043
06:21:43 AM,06:35:40 PM,2021-09-18,2022-10-23 19:33:25.677106
06:21:52 AM,06:34:48 PM,2021-09-19,2022-10-23 19:33:25.677170
06:22:02 AM,06:33:55 PM,2021-09-20,2022-10-23 19:33:25.677233
06:22:12 AM,06:33:02 PM,2021-09-21,2022-10-23 19:33:25.677296
06:22:22 AM,06:32:10 PM,2021-09-22,2022-10-23 19:33:25.677361
06:22:33 AM,06:31:18 PM,2021-09-23,2022-10-23 19:33:25.677424
06:22:43 AM,06:30:25 PM,2021-09-24,2022-10-23 19:33:25.677488
06:22:53 AM,06:29:33 PM,2021-09-25,2022-10-23 19:33:25.677551
06:23:04 AM,06:28:41 PM,2021-09-26,2022-10-23 19:33:25.677615
06:23:15 AM,06:27:50 PM,2021-09-27,2022-10-23 19:33:25.677677
06:23:26 AM,06:26:58 PM,2021-09-28,2022-10-23 19:33:25.677741
06:23:37 AM,06:26:07 PM,2021-09-29,2022-10-23 19:33:25.677804
06:23:48 AM,06:25:16 PM,2021-09-30,2022-10-23 19:33:25.677866
06:24:00 AM,06:24:25 PM,2021-10-01,2022-10-23 19:33:25.677928
06:24:12 AM,06:23:35 PM,2021-10-02,2022-10-23 19:33:25.677991
06:24:24 AM,06:22:45 PM,2021-10-03,2022-10-23 19:33:25.678054
06:24:37 AM,06:21:56 PM,2021-10-04,2022-10-23 19:33:25.678117
06:24:50 AM,06:21:07 PM,2021-10-05,2022-10-23 19:33:25.678181
06:25:03 AM,06:20:18 PM,2021-10-06,2022-10-23 19:33:25.678244
06:25:16 AM,06:19:30 PM,2021-10-07,2022-10-23 19:33:25.678307
06:25:30 AM,06:18:42 PM,2021-10-08,2022-10-23 19:33:25.678370
06:25:44 AM,06:17:54 PM,2021-10-09,2022-10-23 19:33:25.678434
06:25:59 AM,06:17:08 PM,2021-10-10,2022-10-23 19:33:25.678498
06:26:14 AM,06:16:22 PM,2021-10-11,2022-10-23 19:33:25.678562
06:26:29 AM,06:15:36 PM,2021-10-12,2022-10-23 19:33:25.692920
06:26:45 AM,06:14:51 PM,2021-10-13,2022-10-23 19:33:25.693000
06:27:01 AM,06:14:07 PM,2021-10-14,2022-10-23 19:33:25.693068
06:27:17 AM,06:13:23 PM,2021-10-15,2022-10-23 19:33:25.693134
06:27:34 AM,06:12:40 PM,2021-10-16,2022-10-23 19:33:25.693199
06:27:52 AM,06:11:58 PM,2021-10-17,2022-10-23 19:33:25.693264
06:28:10 AM,06:11:16 PM,2021-10-18,2022-10-23 19:33:25.693328
06:28:28 AM,06:10:35 PM,2021-10-19,2022-10-23 19:33:25.693411
06:28:47 AM,06:09:55 PM,2021-10-20,2022-10-23 19:33:25.693475
06:29:07 AM,06:09:16 PM,2021-10-21,2022-10-23 19:33:25.693538
06:29:26 AM,06:08:37 PM,2021-10-22,2022-10-23 19:33:25.693601
06:29:47 AM,06:08:00 PM,2021-10-23,2022-10-23 19:33:25.693666
06:30:08 AM,06:07:23 PM,2021-10-24,2022-10-23 19:33:25.693729
06:30:29 AM,06:06:47 PM,2021-10-25,2022-10-23 19:33:25.693793
06:30:51 AM,06:06:12 PM,2021-10-26,2022-10-23 19:33:25.693856
06:31:14 AM,06:05:38 PM,2021-10-27,2022-10-23 19:33:25.693919
06:31:37 AM,06:05:05 PM,2021-10-28,2022-10-23 19:33:25.693982
06:32:01 AM,06:04:33 PM,2021-10-29,2022-10-23 19:33:25.694045
06:32:25 AM,06:04:02 PM,2021-10-30,2022-10-23 19:33:25.694107
06:32:49 AM,06:03:32 PM,2021-10-31,2022-10-23 19:33:25.694170
06:33:15 AM,06:03:03 PM,2021-11-01,2022-10-23 19:33:25.694233
06:33:41 AM,06:02:35 PM,2021-11-02,2022-10-23 19:33:25.694296
06:34:07 AM,06:02:08 PM,2021-11-03,2022-10-23 19:33:25.694360
06:34:34 AM,06:01:42 PM,2021-11-04,2022-10-23 19:33:25.694422
06:35:01 AM,06:01:18 PM,2021-11-05,2022-10-23 19:33:25.694485
06:35:29 AM,06:00:54 PM,2021-11-06,2022-10-23 19:33:25.694548
06:35:58 AM,06:00:32 PM,2021-11-07,2022-10-23 19:33:25.694611
06:36:27 AM,06:00:11 PM,2021-11-08,2022-10-23 19:33:25.694674
06:36:56 AM,05:59:51 PM,2021-11-09,2022-10-23 19:33:25.694736
06:37:26 AM,05:59:32 PM,2021-11-10,2022-10-23 19:33:25.694799
06:37:57 AM,05:59:14 PM,2021-11-11,2022-10-23 19:33:25.694862
06:38:27 AM,05:58:58 PM,2021-11-12,2022-10-23 19:33:25.694925
06:38:59 AM,05:58:43 PM,2021-11-13,2022-10-23 19:33:25.694988
06:39:31 AM,05:58:29 PM,2021-11-14,2022-10-23 19:33:25.695051
06:40:03 AM,05:58:16 PM,2021-11-15,2022-10-23 19:33:25.695115
06:40:36 AM,05:58:04 PM,2021-11-16,2022-10-23 19:33:25.695177
06:41:09 AM,05:57:54 PM,2021-11-17,2022-10-23 19:33:25.695240
06:41:43 AM,05:57:45 PM,2021-11-18,2022-10-23 19:33:25.695303
06:42:17 AM,05:57:38 PM,2021-11-19,2022-10-23 19:33:25.695366
06:42:51 AM,05:57:31 PM,2021-11-20,2022-10-23 19:33:25.695428
06:43:26 AM,05:57:26 PM,2021-11-21,2022-10-23 19:33:25.695491
06:44:00 AM,05:57:23 PM,2021-11-22,2022-10-23 19:33:25.695553
06:44:36 AM,05:57:20 PM,2021-11-23,2022-10-23 19:33:25.695616
06:45:11 AM,05:57:19 PM,2021-11-24,2022-10-23 19:33:25.695681
06:45:47 AM,05:57:19 PM,2021-11-25,2022-10-23 19:33:25.695743
06:46:23 AM,05:57:21 PM,2021-11-26,2022-10-23 19:33:25.695806
06:46:59 AM,05:57:23 PM,2021-11-27,2022-10-23 19:33:25.695869
06:47:35 AM,05:57:27 PM,2021-11-28,2022-10-23 19:33:25.695931
06:48:12 AM,05:57:32 PM,2021-11-29,2022-10-23 19:33:25.695993
06:48:48 AM,05:57:39 PM,2021-11-30,2022-10-23 19:33:25.696055
06:49:25 AM,05:57:47 PM,2021-12-01,2022-10-23 19:33:25.710921
06:50:01 AM,05:57:56 PM,2021-12-02,2022-10-23 19:33:25.711002
06:50:38 AM,05:58:06 PM,2021-12-03,2022-10-23 19:33:25.711072
06:51:14 AM,05:58:18 PM,2021-12-04,2022-10-23 19:33:25.711138
06:51:51 AM,05:58:30 PM,2021-12-05,2022-10-23 19:33:25.711203
06:52:27 AM,05:58:44 PM,2021-12-06,2022-10-23 19:33:25.711267
06:53:03 AM,05:58:59 PM,2021-12-07,2022-10-23 19:33:25.711332
06:53:39 AM,05:59:16 PM,2021-12-08,2022-10-23 19:33:25.711396
06:54:15 AM,05:59:33 PM,2021-12-09,2022-10-23 19:33:25.711461
06:54:51 AM,05:59:52 PM,2021-12-10,2022-10-23 19:33:25.711526
06:55:26 AM,06:00:11 PM,2021-12-11,2022-10-23 19:33:25.711591
06:56:01 AM,06:00:32 PM,2021-12-12,2022-10-23 19:33:25.711658
06:56:36 AM,06:00:54 PM,2021-12-13,2022-10-23 19:33:25.711722
06:57:10 AM,06:01:16 PM,2021-12-14,2022-10-23 19:33:25.711787
06:57:44 AM,06:01:40 PM,2021-12-15,2022-10-23 19:33:25.711850
06:58:17 AM,06:02:05 PM,2021-12-16,2022-10-23 19:33:25.711914
06:58:50 AM,06:02:31 PM,2021-12-17,2022-10-23 19:33:25.711978
06:59:22 AM,06:02:57 PM,2021-12-18,2022-10-23 19:33:25.712062
06:59:54 AM,06:03:25 PM,2021-12-19,2022-10-23 19:33:25.712126
07:00:25 AM,06:03:53 PM,2021-12-20,2022-10-23 19:33:25.712190
07:00:55 AM,06:04:22 PM,2021-12-21,2022-10-23 19:33:25.712255
07:01:25 AM,06:04:52 PM,2021-12-22,2022-10-23 19:33:25.712319
07:01:54 AM,06:05:23 PM,2021-12-23,2022-10-23 19:33:25.712389
07:02:22 AM,06:05:54 PM,2021-12-24,2022-10-23 19:33:25.712453
07:02:50 AM,06:06:26 PM,2021-12-25,2022-10-23 19:33:25.712517
07:03:16 AM,06:06:59 PM,2021-12-26,2022-10-23 19:33:25.712580
07:03:42 AM,06:07:32 PM,2021-12-27,2022-10-23 19:33:25.712645
07:04:07 AM,06:08:06 PM,2021-12-28,2022-10-23 19:33:25.712708
07:04:31 AM,06:08:41 PM,2021-12-29,2022-10-23 19:33:25.712772
07:04:54 AM,06:09:16 PM,2021-12-30,2022-10-23 19:33:25.712835
07:05:16 AM,06:09:51 PM,2021-12-31,2022-10-23 19:33:25.712899
07:05:37 AM,06:10:27 PM,2022-01-01,2022-10-23 19:33:25.712962
07:05:57 AM,06:11:03 PM,2022-01-02,2022-10-23 19:33:25.713026
07:06:16 AM,06:11:40 PM,2022-01-03,2022-10-23 19:33:25.713089
07:06:34 AM,06:12:17 PM,2022-01-04,2022-10-23 19:33:25.713153
07:06:51 AM,06:12:54 PM,2022-01-05,2022-10-23 19:33:25.713216
07:07:07 AM,06:13:31 PM,2022-01-06,2022-10-23 19:33:25.713280
07:07:21 AM,06:14:09 PM,2022-01-07,2022-10-23 19:33:25.713343
07:07:35 AM,06:14:46 PM,2022-01-08,2022-10-23 19:33:25.713406
07:07:47 AM,06:15:24 PM,2022-01-09,2022-10-23 19:33:25.713469
07:07:58 AM,06:16:02 PM,2022-01-10,2022-10-23 19:33:25.713532
07:08:08 AM,06:16:40 PM,2022-01-11,2022-10-23 19:33:25.713595
07:08:17 AM,06:17:18 PM,2022-01-12,2022-10-23 19:33:25.713658
07:08:24 AM,06:17:56 PM,2022-01-13,2022-10-23 19:33:25.713722
07:08:30 AM,06:18:34 PM,2022-01-14,2022-10-23 19:33:25.713785
07:08:36 AM,06:19:12 PM,2022-01-15,2022-10-23 19:33:25.713858
07:08:39 AM,06:19:50 PM,2022-01-16,2022-10-23 19:33:25.713926
07:08:42 AM,06:20:28 PM,2022-01-17,2022-10-23 19:33:25.713990
07:08:43 AM,06:21:06 PM,2022-01-18,2022-10-23 19:33:25.714056
07:08:43 AM,06:21:43 PM,2022-01-19,2022-10-23 19:33:25.714121
07:08:42 AM,06:22:20 PM,2022-01-20,2022-10-23 19:33:25.727483
07:08:39 AM,06:22:57 PM,2022-01-21,2022-10-23 19:33:25.727561
07:08:36 AM,06:23:34 PM,2022-01-22,2022-10-23 19:33:25.727628
07:08:31 AM,06:24:10 PM,2022-01-23,2022-10-23 19:33:25.727693
07:08:24 AM,06:24:46 PM,2022-01-24,2022-10-23 19:33:25.727757
07:08:17 AM,06:25:22 PM,2022-01-25,2022-10-23 19:33:25.727821
07:08:08 AM,06:25:57 PM,2022-01-26,2022-10-23 19:33:25.727884
07:07:58 AM,06:26:32 PM,2022-01-27,2022-10-23 19:33:25.727947
07:07:47 AM,06:27:07 PM,2022-01-28,2022-10-23 19:33:25.728009
07:07:35 AM,06:27:41 PM,2022-01-29,2022-10-23 19:33:25.728071
07:07:21 AM,06:28:15 PM,2022-01-30,2022-10-23 19:33:25.728133
07:07:06 AM,06:28:49 PM,2022-01-31,2022-10-23 19:33:25.728196
07:06:50 AM,06:29:21 PM,2022-02-01,2022-10-23 19:33:25.728258
07:06:33 AM,06:29:54 PM,2022-02-02,2022-10-23 19:33:25.728320
07:06:15 AM,06:30:26 PM,2022-02-03,2022-10-23 19:33:25.728382
07:05:55 AM,06:30:58 PM,2022-02-04,2022-10-23 19:33:25.728444
07:05:34 AM,06:31:29 PM,2022-02-05,2022-10-23 19:33:25.728506
07:05:13 AM,06:31:59 PM,2022-02-06,2022-10-23 19:33:25.728568
07:04:50 AM,06:32:29 PM,2022-02-07,2022-10-23 19:33:25.728629
07:04:26 AM,06:32:59 PM,2022-02-08,2022-10-23 19:33:25.728691
07:04:01 AM,06:33:28 PM,2022-02-09,2022-10-23 19:33:25.728752
07:03:35 AM,06:33:57 PM,2022-02-10,2022-10-23 19:33:25.728813
07:03:07 AM,06:34:25 PM,2022-02-11,2022-10-23 19:33:25.728875
07:02:39 AM,06:34:52 PM,2022-02-12,2022-10-23 19:33:25.728937
07:02:10 AM,06:35:19 PM,2022-02-13,2022-10-23 19:33:25.728998
07:01:40 AM,06:35:46 PM,2022-02-14,2022-10-23 19:33:25.729059
07:01:09 AM,06:36:12 PM,2022-02-15,2022-10-23 19:33:25.729121
07:00:37 AM,06:36:37 PM,2022-02-16,2022-10-23 19:33:25.729200
07:00:04 AM,06:37:02 PM,2022-02-17,2022-10-23 19:33:25.729263
06:59:30 AM,06:37:27 PM,2022-02-18,2022-10-23 19:33:25.729325
06:58:55 AM,06:37:51 PM,2022-02-19,2022-10-23 19:33:25.729387
06:58:20 AM,06:38:15 PM,2022-02-20,2022-10-23 19:33:25.729448
06:57:43 AM,06:38:38 PM,2022-02-21,2022-10-23 19:33:25.729511
06:57:06 AM,06:39:00 PM,2022-02-22,2022-10-23 19:33:25.729572
06:56:28 AM,06:39:22 PM,2022-02-23,2022-10-23 19:33:25.729634
06:55:49 AM,06:39:44 PM,2022-02-24,2022-10-23 19:33:25.729696
06:55:10 AM,06:40:05 PM,2022-02-25,2022-10-23 19:33:25.729757
06:54:30 AM,06:40:26 PM,2022-02-26,2022-10-23 19:33:25.729823
06:53:49 AM,06:40:46 PM,2022-02-27,2022-10-23 19:33:25.729884
06:53:08 AM,06:41:06 PM,2022-02-28,2022-10-23 19:33:25.729946
06:52:25 AM,06:41:25 PM,2022-03-01,2022-10-23 19:33:25.730007
06:51:43 AM,06:41:44 PM,2022-03-02,2022-10-23 19:33:25.730069
06:50:59 AM,06:42:03 PM,2022-03-03,2022-10-23 19:33:25.730132
06:50:15 AM,06:42:21 PM,2022-03-04,2022-10-23 19:33:25.730195
06:49:31 AM,06:42:39 PM,2022-03-05,2022-10-23 19:33:25.730257
06:48:46 AM,06:42:57 PM,2022-03-06,2022-10-23 19:33:25.730319
06:48:01 AM,06:43:14 PM,2022-03-07,2022-10-23 19:33:25.730381
06:47:15 AM,06:43:31 PM,2022-03-08,2022-10-23 19:33:25.730443
06:46:29 AM,06:43:47 PM,2022-03-09,2022-10-23 19:33:25.730505
06:45:42 AM,06:44:04 PM,2022-03-10,2022-10-23 19:33:25.730566
06:44:55 AM,06:44:20 PM,2022-03-11,2022-10-23 19:33:25.743197
06:44:07 AM,06:44:35 PM,2022-03-12,2022-10-23 19:33:25.743265
06:43:19 AM,06:44:51 PM,2022-03-13,2022-10-23 19:33:25.743325
06:42:31 AM,06:45:06 PM,2022-03-14,2022-10-23 19:33:25.743383
06:41:43 AM,06:45:21 PM,2022-03-15,2022-10-23 19:33:25.743439
06:40:54 AM,06:45:36 PM,2022-03-16,2022-10-23 19:33:25.743496
06:40:05 AM,06:45:51 PM,2022-03-17,2022-10-23 19:33:25.743552
06:39:16 AM,06:46:05 PM,2022-03-18,2022-10-23 19:33:25.743607
06:38:27 AM,06:46:19 PM,2022-03-19,2022-10-23 19:33:25.743663
06:37:38 AM,06:46:33 PM,2022-03-20,2022-10-23 19:33:25.743718
06:36:48 AM,06:46:47 PM,2022-03-21,2022-10-23 19:33:25.743772
06:35:59 AM,06:47:01 PM,2022-03-22,2022-10-23 19:33:25.743828
06:35:09 AM,06:47:15 PM,2022-03-23,2022-10-23 19:33:25.743882
06:34:19 AM,06:47:29 PM,2022-03-24,2022-10-23 19:33:25.743937
06:33:29 AM,06:47:42 PM,2022-03-25,2022-10-23 19:33:25.743992
06:32:40 AM,06:47:56 PM,2022-03-26,2022-10-23 19:33:25.744047
06:31:50 AM,06:48:09 PM,2022-03-27,2022-10-23 19:33:25.744102
06:31:00 AM,06:48:23 PM,2022-03-28,2022-10-23 19:33:25.744157
06:30:10 AM,06:48:36 PM,2022-03-29,2022-10-23 19:33:25.744212
06:29:21 AM,06:48:50 PM,2022-03-30,2022-10-23 19:33:25.744266
06:28:31 AM,06:49:03 PM,2022-03-31,2022-10-23 19:33:25.744321
06:27:42 AM,06:49:17 PM,2022-04-01,2022-10-23 19:33:25.744377
06:26:53 AM,06:49:31 PM,2022-04-02,2022-10-23 19:33:25.744433
06:26:04 AM,06:49:44 PM,2022-04-03,2022-10-23 19:33:25.744488
06:25:15 AM,06:49:58 PM,2022-04-04,2022-10-23 19:33:25.744543
06:24:27 AM,06:50:12 PM,2022-04-05,2022-10-23 19:33:25.744598
06:23:39 AM,06:50:26 PM,2022-04-06,2022-10-23 19:33:25.744652
06:22:51 AM,06:50:40 PM,2022-04-07,2022-10-23 19:33:25.744707
06:22:03 AM,06:50:54 PM,2022-04-08,2022-10-23 19:33:25.744762
06:21:16 AM,06:51:08 PM,2022-04-09,2022-10-23 19:33:25.744817
06:20:29 AM,06:51:23 PM,2022-04-10,2022-10-23 19:33:25.744872
06:19:43 AM,06:51:37 PM,2022-04-11,2022-10-23 19:33:25.744926
06:18:57 AM,06:51:52 PM,2022-04-12,2022-10-23 19:33:25.744981
06:18:11 AM,06:52:07 PM,2022-04-13,2022-10-23 19:33:25.745035
06:17:26 AM,06:52:22 PM,2022-04-14,2022-10-23 19:33:25.745090
06:16:41 AM,06:52:38 PM,2022-04-15,2022-10-23 19:33:25.745145
06:15:57 AM,06:52:53 PM,2022-04-16,2022-10-23 19:33:25.745200
06:15:13 AM,06:53:09 PM,2022-04-17,2022-10-23 19:33:25.745270
06:14:30 AM,06:53:25 PM,2022-04-18,2022-10-23 19:33:25.745325
06:13:47 AM,06:53:41 PM,2022-04-19,2022-10-23 19:33:25.745381
06:13:05 AM,06:53:58 PM,2022-04-20,2022-10-23 19:33:25.745435
06:12:24 AM,06:54:14 PM,2022-04-21,2022-10-23 19:33:25.745490
06:11:43 AM,06:54:31 PM,2022-04-22,2022-10-23 19:33:25.745544
06:11:03 AM,06:54:48 PM,2022-04-23,2022-10-23 19:33:25.745600
06:10:24 AM,06:55:06 PM,2022-04-24,2022-10-23 19:33:25.745654
06:09:45 AM,06:55:24 PM,2022-04-25,2022-10-23 19:33:25.745708
06:09:07 AM,06:55:42 PM,2022-04-26,2022-10-23 19:33:25.745762
06:08:30 AM,06:56:00 PM,2022-04-27,2022-10-23 19:33:25.745816
06:07:53 AM,06:56:18 PM,2022-04-28,2022-10-23 19:33:25.745870
06:07:17 AM,06:56:37 PM,2022-04-29,2022-10-23 19:33:25.745924
06:06:42 AM,06:56:56 PM,2022-04-30,2022-10-23 19:33:25.757975
06:06:08 AM,06:57:15 PM,2022-05-01,2022-10-23 19:33:25.758042
06:05:35 AM,06:57:35 PM,2022-05-02,2022-10-23 19:33:25.758101
06:05:02 AM,06:57:55 PM,2022-05-03,2022-10-23 19:33:25.758158
06:04:30 AM,06:58:15 PM,2022-05-04,2022-10-23 19:33:25.758213
06:03:59 AM,06:58:35 PM,2022-05-05,2022-10-23 19:33:25.758269
06:03:29 AM,06:58:56 PM,2022-05-06,2022-10-23 19:33:25.758324
06:03:00 AM,06:59:16 PM,2022-05-07,2022-10-23 19:33:25.758378
06:02:32 AM,06:59:37 PM,2022-05-08,2022-10-23 19:33:25.758433
06:02:05 AM,06:59:59 PM,2022-05-09,2022-10-23 19:33:25.758487
06:01:38 AM,07:00:20 PM,2022-05-10,2022-10-23 19:33:25.758542
06:01:13 AM,07:00:42 PM,2022-05-11,2022-10-23 19:33:25.758598
06:00:48 AM,07:01:04 PM,2022-05-12,2022-10-23 19:33:25.758653
06:00:25 AM,07:01:26 PM,2022-05-13,2022-10-23 19:33:25.758708
06:00:02 AM,07:01:48 PM,2022-05-14,2022-10-23 19:33:25.758762
05:59:41 AM,07:02:10 PM,2022-05-15,2022-10-23 19:33:25.758817
05:59:20 AM,07:02:33 PM,2022-05-16,2022-10-23 19:33:25.758871
05:59:00 AM,07:02:55 PM,2022-05-17,2022-10-23 19:33:25.758925
05:58:42 AM,07:03:18 PM,2022-05-18,2022-10-23 19:33:25.758980
05:58:24 AM,07:03:41 PM,2022-05-19,2022-10-23 19:33:25.759034
05:58:08 AM,07:04:04 PM,2022-05-20,2022-10-23 19:33:25.759089
05:57:52 AM,07:04:27 PM,2022-05-21,2022-10-23 19:33:25.759143
05:57:38 AM,07:04:50 PM,2022-05-22,2022-10-23 19:33:25.759199
05:57:24 AM,07:05:13 PM,2022-05-23,2022-10-23 19:33:25.759254
05:57:11 AM,07:05:36 PM,2022-05-24,2022-10-23 19:33:25.759308
05:57:00 AM,07:05:59 PM,2022-05-25,2022-10-23 19:33:25.759362
05:56:49 AM,07:06:22 PM,2022-05-26,2022-10-23 19:33:25.759417
05:56:40 AM,07:06:45 PM,2022-05-27,2022-10-23 19:33:25.759471
05:56:32 AM,07:07:08 PM,2022-05-28,2022-10-23 19:33:25.759525
05:56:24 AM,07:07:31 PM,2022-05-29,2022-10-23 19:33:25.759579
05:56:18 AM,07:07:54 PM,2022-05-30,2022-10-23 19:33:25.759633
05:56:12 AM,07:08:16 PM,2022-05-31,2022-10-23 19:33:25.759687
05:56:08 AM,07:08:39 PM,2022-06-01,2022-10-23 19:33:25.759740
05:56:04 AM,07:09:01 PM,2022-06-02,2022-10-23 19:33:25.759794
05:56:02 AM,07:09:23 PM,2022-06-03,2022-10-23 19:33:25.759847
05:56:00 AM,07:09:44 PM,2022-06-04,2022-10-23 19:33:25.759902
05:56:00 AM,07:10:06 PM,2022-06-05,2022-10-23 19:33:25.759955
05:56:00 AM,07:10:27 PM,2022-06-06,2022-10-23 19:33:25.760009
05:56:02 AM,07:10:48 PM,2022-06-07,2022-10-23 19:33:25.760063
05:56:04 AM,07:11:08 PM,2022-06-08,2022-10-23 19:33:25.760116
05:56:07 AM,07:11:28 PM,2022-06-09,2022-10-23 19:33:25.760171
05:56:11 AM,07:11:48 PM,2022-06-10,2022-10-23 19:33:25.760225
05:56:16 AM,07:12:07 PM,2022-06-11,2022-10-23 19:33:25.760279
05:56:22 AM,07:12:26 PM,2022-06-12,2022-10-23 19:33:25.760334
05:56:29 AM,07:12:44 PM,2022-06-13,2022-10-23 19:33:25.760387
05:56:36 AM,07:13:02 PM,2022-06-14,2022-10-23 19:33:25.760441
05:56:44 AM,07:13:19 PM,2022-06-15,2022-10-23 19:33:25.760509
05:56:54 AM,07:13:36 PM,2022-06-16,2022-10-23 19:33:25.760564
05:57:03 AM,07:13:52 PM,2022-06-17,2022-10-23 19:33:25.760618
05:57:14 AM,07:14:07 PM,2022-06-18,2022-10-23 19:33:25.760672
05:57:25 AM,07:14:22 PM,2022-06-19,2022-10-23 19:33:25.772648
05:57:37 AM,07:14:36 PM,2022-06-20,2022-10-23 19:33:25.772716
05:57:50 AM,07:14:50 PM,2022-06-21,2022-10-23 19:33:25.772774
05:58:03 AM,07:15:03 PM,2022-06-22,2022-10-23 19:33:25.772829
05:58:17 AM,07:15:15 PM,2022-06-23,2022-10-23 19:33:25.772884
05:58:32 AM,07:15:26 PM,2022-06-24,2022-10-23 19:33:25.772938
05:58:47 AM,07:15:36 PM,2022-06-25,2022-10-23 19:33:25.772992
05:59:03 AM,07:15:46 PM,2022-06-26,2022-10-23 19:33:25.773047
05:59:19 AM,07:15:55 PM,2022-06-27,2022-10-23 19:33:25.773100
05:59:36 AM,07:16:03 PM,2022-06-28,2022-10-23 19:33:25.773154
05:59:53 AM,07:16:10 PM,2022-06-29,2022-10-23 19:33:25.773208
06:00:11 AM,07:16:16 PM,2022-06-30,2022-10-23 19:33:25.773264
06:00:29 AM,07:16:22 PM,2022-07-01,2022-10-23 19:33:25.773319
06:00:47 AM,07:16:26 PM,2022-07-02,2022-10-23 19:33:25.773373
06:01:06 AM,07:16:30 PM,2022-07-03,2022-10-23 19:33:25.773428
06:01:25 AM,07:16:32 PM,2022-07-04,2022-10-23 19:33:25.773482
06:01:45 AM,07:16:34 PM,2022-07-05,2022-10-23 19:33:25.773536
06:02:04 AM,07:16:35 PM,2022-07-06,2022-10-23 19:33:25.773590
06:02:24 AM,07:16:34 PM,2022-07-07,2022-10-23 19:33:25.773644
06:02:45 AM,07:16:33 PM,2022-07-08,2022-10-23 19:33:25.773698
06:03:05 AM,07:16:31 PM,2022-07-09,2022-10-23 19:33:25.773751
06:03:26 AM,07:16:27 PM,2022-07-10,2022-10-23 19:33:25.773805
06:03:47 AM,07:16:23 PM,2022-07-11,2022-10-23 19:33:25.773859
06:04:08 AM,07:16:17 PM,2022-07-12,2022-10-23 19:33:25.773913
06:04:29 AM,07:16:11 PM,2022-07-13,2022-10-23 19:33:25.773967
06:04:50 AM,07:16:03 PM,2022-07-14,2022-10-23 19:33:25.774021
06:05:11 AM,07:15:55 PM,2022-07-15,2022-10-23 19:33:25.774076
06:05:33 AM,07:15:45 PM,2022-07-16,2022-10-23 19:33:25.774130
06:05:54 AM,07:15:35 PM,2022-07-17,2022-10-23 19:33:25.774184
06:06:15 AM,07:15:23 PM,2022-07-18,2022-10-23 19:33:25.774239
06:06:37 AM,07:15:10 PM,2022-07-19,2022-10-23 19:33:25.774293
06:06:58 AM,07:14:56 PM,2022-07-20,2022-10-23 19:33:25.774347
06:07:19 AM,07:14:41 PM,2022-07-21,2022-10-23 19:33:25.774401
06:07:40 AM,07:14:25 PM,2022-07-22,2022-10-23 19:33:25.774455
06:08:01 AM,07:14:08 PM,2022-07-23,2022-10-23 19:33:25.774508
06:08:22 AM,07:13:50 PM,2022-07-24,2022-10-23 19:33:25.774562
06:08:43 AM,07:13:31 PM,2022-07-25,2022-10-23 19:33:25.774616
06:09:03 AM,07:13:11 PM,2022-07-26,2022-10-23 19:33:25.774670
06:09:24 AM,07:12:50 PM,2022-07-27,2022-10-23 19:33:25.774724
06:09:44 AM,07:12:28 PM,2022-07-28,2022-10-23 19:33:25.774778
06:10:04 AM,07:12:05 PM,2022-07-29,2022-10-23 19:33:25.774832
06:10:24 AM,07:11:40 PM,2022-07-30,2022-10-23 19:33:25.774885
06:10:44 AM,07:11:15 PM,2022-07-31,2022-10-23 19:33:25.774939
06:11:03 AM,07:10:49 PM,2022-08-01,2022-10-23 19:33:25.774994
06:11:22 AM,07:10:22 PM,2022-08-02,2022-10-23 19:33:25.775048
06:11:41 AM,07:09:54 PM,2022-08-03,2022-10-23 19:33:25.775103
06:12:00 AM,07:09:25 PM,2022-08-04,2022-10-23 19:33:25.775157
06:12:18 AM,07:08:54 PM,2022-08-05,2022-10-23 19:33:25.775211
06:12:37 AM,07:08:24 PM,2022-08-06,2022-10-23 19:33:25.775265
06:12:54 AM,07:07:52 PM,2022-08-07,2022-10-23 19:33:25.775319
06:13:12 AM,07:07:19 PM,2022-08-08,2022-10-23 19:33:25.786947
06:13:29 AM,07:06:45 PM,2022-08-09,2022-10-23 19:33:25.787012
06:13:46 AM,07:06:11 PM,2022-08-10,2022-10-23 19:33:25.787072
06:14:03 AM,07:05:35 PM,2022-08-11,2022-10-23 19:33:25.787128
06:14:20 AM,07:04:59 PM,2022-08-12,2022-10-23 19:33:25.787183
06:14:36 AM,07:04:22 PM,2022-08-13,2022-10-23 19:33:25.787239
06:14:52 AM,07:03:44 PM,2022-08-14,2022-10-23 19:33:25.787309
06:15:07 AM,07:03:06 PM,2022-08-15,2022-10-23 19:33:25.787366
06:15:22 AM,07:02:26 PM,2022-08-16,2022-10-23 19:33:25.787421
06:15:37 AM,07:01:46 PM,2022-08-17,2022-10-23 19:33:25.787476
06:15:52 AM,07:01:05 PM,2022-08-18,2022-10-23 19:33:25.787530
06:16:06 AM,07:00:24 PM,2022-08-19,2022-10-23 19:33:25.787586
06:16:20 AM,06:59:41 PM,2022-08-20,2022-10-23 19:33:25.787641
06:16:34 AM,06:58:58 PM,2022-08-21,2022-10-23 19:33:25.787696
06:16:48 AM,06:58:15 PM,2022-08-22,2022-10-23 19:33:25.787750
06:17:01 AM,06:57:31 PM,2022-08-23,2022-10-23 19:33:25.787805
06:17:14 AM,06:56:46 PM,2022-08-24,2022-10-23 19:33:25.787860
06:17:27 AM,06:56:00 PM,2022-08-25,2022-10-23 19:33:25.787914
06:17:39 AM,06:55:14 PM,2022-08-26,2022-10-23 19:33:25.787968
06:17:51 AM,06:54:28 PM,2022-08-27,2022-10-23 19:33:25.788022
06:18:03 AM,06:53:41 PM,2022-08-28,2022-10-23 19:33:25.788076
06:18:15 AM,06:52:53 PM,2022-08-29,2022-10-23 19:33:25.788130
06:18:27 AM,06:52:05 PM,2022-08-30,2022-10-23 19:33:25.788185
06:18:38 AM,06:51:17 PM,2022-08-31,2022-10-23 19:33:25.788239
06:18:49 AM,06:50:28 PM,2022-09-01,2022-10-23 19:33:25.788293
06:19:00 AM,06:49:39 PM,2022-09-02,2022-10-23 19:33:25.788347
06:19:11 AM,06:48:49 PM,2022-09-03,2022-10-23 19:33:25.788401
06:19:21 AM,06:47:59 PM,2022-09-04,2022-10-23 19:33:25.788455
06:19:32 AM,06:47:08 PM,2022-09-05,2022-10-23 19:33:25.788509
06:19:42 AM,06:46:18 PM,2022-09-06,2022-10-23 19:33:25.788562
06:19:52 AM,06:45:27 PM,2022-09-07,2022-10-23 19:33:25.788616
06:20:02 AM,06:44:35 PM,2022-09-08,2022-10-23 19:33:25.788670
06:20:12 AM,06:43:44 PM,2022-09-09,2022-10-23 19:33:25.788724
06:20:22 AM,06:42:52 PM,2022-09-10,2022-10-23 19:33:25.788778
06:20:32 AM,06:42:00 PM,2022-09-11,2022-10-23 19:33:25.788832
06:20:42 AM,06:41:08 PM,2022-09-12,2022-10-23 19:33:25.788887
06:20:52 AM,06:40:16 PM,2022-09-13,2022-10-23 19:33:25.788941
06:21:01 AM,06:39:23 PM,2022-09-14,2022-10-23 19:33:25.788995
06:21:11 AM,06:38:31 PM,2022-09-15,2022-10-23 19:33:25.789049
06:21:21 AM,06:37:38 PM,2022-09-16,2022-10-23 19:33:25.789106
06:21:31 AM,06:36:46 PM,2022-09-17,2022-10-23 19:33:25.789161
06:21:40 AM,06:35:53 PM,2022-09-18,2022-10-23 19:33:25.789215
06:21:50 AM,06:35:00 PM,2022-09-19,2022-10-23 19:33:25.789270
06:22:00 AM,06:34:08 PM,2022-09-20,2022-10-23 19:33:25.789325
06:22:10 AM,06:33:15 PM,2022-09-21,2022-10-23 19:33:25.789380
06:22:20 AM,06:32:23 PM,2022-09-22,2022-10-23 19:33:25.789433
06:22:30 AM,06:31:30 PM,2022-09-23,2022-10-23 19:33:25.789488
06:22:40 AM,06:30:38 PM,2022-09-24,2022-10-23 19:33:25.789542
06:22:51 AM,06:29:46 PM,2022-09-25,2022-10-23 19:33:25.789596
06:23:01 AM,06:28:54 PM,2022-09-26,2022-10-23 19:33:25.789650
06:23:12 AM,06:28:02 PM,2022-09-27,2022-10-23 19:33:25.801794
06:23:23 AM,06:27:11 PM,2022-09-28,2022-10-23 19:33:25.801864
06:23:34 AM,06:26:19 PM,2022-09-29,2022-10-23 19:33:25.801923
06:23:46 AM,06:25:28 PM,2022-09-30,2022-10-23 19:33:25.801980
06:23:57 AM,06:24:38 PM,2022-10-01,2022-10-23 19:33:25.802036
06:24:09 AM,06:23:47 PM,2022-10-02,2022-10-23 19:33:25.802091
06:24:21 AM,06:22:57 PM,2022-10-03,2022-10-23 19:33:25.802145
06:24:34 AM,06:22:08 PM,2022-10-04,2022-10-23 19:33:25.802199
06:24:46 AM,06:21:18 PM,2022-10-05,2022-10-23 19:33:25.802253
06:25:00 AM,06:20:30 PM,2022-10-06,2022-10-23 19:33:25.802307
06:25:13 AM,06:19:41 PM,2022-10-07,2022-10-23 19:33:25.802361
06:25:27 AM,06:18:53 PM,2022-10-08,2022-10-23 19:33:25.802415
06:25:41 AM,06:18:06 PM,2022-10-09,2022-10-23 19:33:25.802470
06:25:55 AM,06:17:19 PM,2022-10-10,2022-10-23 19:33:25.802524
06:26:10 AM,06:16:33 PM,2022-10-11,2022-10-23 19:33:25.802578
06:26:25 AM,06:15:47 PM,2022-10-12,2022-10-23 19:33:25.802632
06:26:41 AM,06:15:02 PM,2022-10-13,2022-10-23 19:33:25.802702
06:26:57 AM,06:14:17 PM,2022-10-14,2022-10-23 19:33:25.802756
06:27:13 AM,06:13:33 PM,2022-10-15,2022-10-23 19:33:25.802811
06:27:30 AM,06:12:50 PM,2022-10-16,2022-10-23 19:33:25.802866
06:27:48 AM,06:12:08 PM,2022-10-17,2022-10-23 19:33:25.802920
06:28:05 AM,06:11:26 PM,2022-10-18,2022-10-23 19:33:25.802974
06:28:24 AM,06:10:45 PM,2022-10-19,2022-10-23 19:33:25.803031
06:28:42 AM,06:10:05 PM,2022-10-20,2022-10-23 19:33:25.803087
06:29:02 AM,06:09:25 PM,2022-10-21,2022-10-23 19:33:25.803142
06:29:22 AM,06:08:47 PM,2022-10-22,2022-10-23 19:33:25.803196
06:29:42 AM,06:08:09 PM,2022-10-23,2022-10-23 19:33:25.803250
06:30:03 AM,06:07:32 PM,2022-10-24,2022-10-23 19:33:25.803303
